,early_ndvi,peak_ndvi,peak_doy,green_up_rate,decline_rate,cluster,confidence
0413300002,0.16653206406759788,0.9101122807911909,234,0.03958518342965148,-0.005248033532045388,1,0.8798334980921074
0413300005,0.17484071292979195,0.9035215831938244,195,0.03795536016408181,-0.030731949273337285,0,0.7148905474435951
0413300006,0.17271515563294126,0.8946955754206731,199,0.04136295428893209,-0.04601474137683248,0,0.8072539153666967
0413400003,0.2164630645360702,0.8308281531700721,174,0.03632500704736475,-0.024521423627930465,0,0.6029996670807618
0413400004,0.17451348788496376,0.9279753901532307,234,0.04544900983493089,-0.005115706409924715,1,0.7442198428986272
0414300005,0.17126149708505845,0.8905621749564699,211,0.038585336326359514,-0.03516101613141498,0,0.6895370838966626
0415300002,0.16569177804483998,0.8789252039374109,211,0.03721683324971233,-0.04008970662249106,0,0.7116384147295524
0415300005,0.3714703756665427,0.8004506429036459,235,0.017210881409578698,-0.012279292148371743,2,0.5426419913051652
0415300006,0.16694071344824146,0.8919700449724414,211,0.03321607769071012,-0.04382321823910662,0,0.7144777050783925
0415400002,0.1620287390316234,0.9123816995059743,234,0.041373414896931984,-0.0154622279480911,1,0.8466214417575819
0415400009,0.17516361236572264,0.9016558837890625,234,0.04198948019363802,-0.022956644351501097,1,0.7536134609243019
0416200004,0.16618020863873947,0.900342681499717,234,0.038349248196112996,-0.017941632945856652,1,0.7791149711648062
0416300001,0.148047274675274,0.9201809187708102,234,0.038881350393238784,-0.0024134694943599095,1,0.7920664684356081
0421100005,0.1665827751159668,0.9089029100206163,211,0.03633482330306713,-0.01555109958812799,1,0.5814289756456393
0421200008,0.17035031258609493,0.9123977161474732,199,0.03652464882194105,-0.010929110643234208,0,0.5106657373083385
0421200009,0.16292403608737702,0.9218149531153925,199,0.03572446745211878,-0.011460300055873396,1,0.5148945610724139
0421300003,0.17522786458333334,0.9180806477864584,199,0.04521112531305736,-0.02150853173592583,0,0.5128572677456621
0421400012,0.19752716599849232,0.8902160593541144,234,0.044442579644743185,-0.006989777903796263,1,0.6973538228040128
0421400013,0.16781354127690185,0.921092479904263,234,0.037734951502801324,-0.005967571764708928,1,0.8128903133144435
0421400014,0.1692129223708398,0.9179639125386997,234,0.0373538236350369,-0.005511767002131707,1,0.8301339686168976
0422100002,0.16125383703879478,0.9267576603874611,234,0.03752302909694445,-0.0042116061595884645,1,0.767384406834711
0422100003,0.1474117616074644,0.8570202914151278,235,0.03607344182167868,-0.008944058568649368,1,0.5365175464118498
0422200010,0.17050111647325714,0.9118184176358309,211,0.0350641966562259,-0.03925798368975858,0,0.5742164193953461
0422300003,0.1647301212786944,0.8959988180993942,234,0.03853721897254276,-0.019604119126708265,1,0.7283540788393923
0422400001,0.19247125819800126,0.8951632591985887,211,0.03521800474656581,-0.033098686562767904,0,0.6620888376862685
0423100008,0.17912765241078393,0.9262876157407407,235,0.0610408001030517,-0.009629592120676302,1,0.6136502668775408
0423100009,0.17268225445224872,0.9179141922589517,234,0.03163225945868964,-0.00790862790166142,1,0.7333688309554012
0423200009,0.23502021107247206,0.892811039515904,235,0.03827820005424112,-0.015445781074912096,1,0.6538702967812905
0423200010,0.1720423139538848,0.9192144931891025,211,0.03505196251450189,-0.013669091174074444,1,0.6073090286709264
0423200012,0.18794972174948532,0.9136007722673244,234,0.037637033001336445,-0.024767491101936642,1,0.7632660354965648
0423300004,0.18158537864092592,0.8901453088831018,211,0.041707847217039455,-0.04198461683669852,0,0.6951156183646159
0423400002,0.20026677266824175,0.8863449727208161,195,0.040909445306784406,-0.038005377574534455,0,0.8006598048110897
0423400004,0.17862155372067878,0.9023770125454695,211,0.042789051498634496,-0.01709529631615643,1,0.562751017715452
0423400005,0.16652305603027343,0.9292240905761718,234,0.037953452190408174,-0.004618105666568112,1,0.7579552679536656
0424100001,0.18879877663131978,0.9031292903373431,235,0.0363336000931064,-0.015234275705518281,1,0.7877170967481192
0424200005,0.29689096450805663,0.9330891418457031,234,0.02865022213370712,-0.00591760293376368,1,0.5402019603058892
0424200013,0.2521137538574872,0.8511337221359194,235,0.051308368351091455,-0.005529042169521552,2,0.5327132098887517
0424300003,0.169737393832762,0.9074658423236758,234,0.04008918490103957,-0.008590084539815286,1,0.8923390860400641
0424300004,0.16526948387201867,0.9150082717783767,234,0.03778511019234266,-0.007255936553450638,1,0.8525391408558761
0424300008,0.16567049379701967,0.8793367613490226,211,0.03949199011472615,-0.03045516471769237,0,0.6508269451455568
0424300009,0.1977304038175406,0.8868564323142722,195,0.028884708315393408,-0.032912898823125696,0,0.7176957983333312
0424400009,0.15922008607445692,0.919190644054878,234,0.040845646593153886,-0.0068420418689147215,1,0.826003953408274
0425100003,0.1830220398091492,0.9187164306640625,211,0.04033779052203303,-0.01528318540126352,1,0.6248412105924761
0425200001,0.20735708296975683,0.8957840051064944,211,0.03487576156557966,-0.0368384624746451,0,0.6725229653565451
0425200002,0.318050849728468,0.909937714367378,234,0.039856969907278175,-0.019815482563138094,2,0.5997483939761791
0425200005,0.39334224745410495,0.8883888346354166,211,0.04259142247442562,-0.022505238716811454,2,0.7247796818000731
0425300001,0.16623646461019245,0.895571182334358,211,0.038002824858941756,-0.047706497494292316,0,0.7189690583305578
0425300002,0.41925305278361347,0.9342364585562928,235,0.03516391066038199,-0.0036492166995735938,2,0.6278760419541041
0425400001,0.44173316025152437,0.926910400390625,234,0.05197763913705555,-0.0065489822594320315,2,0.668942221069178
0425400008,0.5002540969848632,0.9300645446777344,234,0.04990234078941766,-0.007119751798020241,2,0.6580970458834621
0426200001,0.1800252418387059,0.9029654043692129,211,0.03676520893928241,-0.038286364291411565,0,0.6412616180724596
0426200003,0.19574956160325271,0.892666977619438,211,0.03496622259525625,-0.037859948779571495,0,0.706916558783027
0426200004,0.21782110622356032,0.882481577510917,174,0.055448455736540385,-0.0298870703342451,0,0.5978036697091812
0426400006,0.42055341084798176,0.8675070303457755,235,0.03764289804583608,-0.009184355844596856,2,0.7577853785354152
0426400010,0.389422460152061,0.8457211246439343,234,0.048610859779705744,-0.010747322533929172,2,0.6819204221256817
0427100002,0.1583226203918457,0.9337537384033203,234,0.03278079451008602,-0.00281234768436032,1,0.6971083442056855
0427100003,0.1649932579280268,0.9141990863755391,199,0.03376678184373309,-0.014019899981282523,0,0.5244819009839916
0427300001,0.1658615438945432,0.8951357531377421,234,0.03872390934642269,-0.004581825832616967,1,0.7624565365134278
0427300002,0.17767251586914062,0.9041257787633825,235,0.05293054651970147,-0.004841682499729597,1,0.6734412307215069
0427300003,0.16811996786755432,0.9250551629105745,234,0.03736591218649664,-0.005093777719892249,1,0.7819651571915526
0427300004,0.2484064799983327,0.8856463548613758,234,0.020095323353278932,-0.005565336555881347,1,0.5473424821280597
0427300005,0.1851727989017595,0.9137104727576484,234,0.034287763432287316,-0.00911125667693809,1,0.7913510298372871
0427400001,0.23878135799990266,0.898590714351173,235,0.0224905911647738,-0.00443140430750619,1,0.5853042629055507
0427400002,0.4104627340837605,0.9186786463187325,234,0.048417930534949846,-0.006339552259387159,2,0.712357758111356
0428100004,0.16147885899168515,0.9064613624855324,211,0.05240206762812001,-0.010646768790576376,1,0.5763947435818407
0428200002,0.16372033206759848,0.9181480691687345,199,0.07311056794485662,-0.024532628565630453,1,0.5088859016175814
0428200003,0.15936362355025774,0.8882164284035011,235,0.03372867215187731,-0.018718823798865157,1,0.6345511772953125
0428200004,0.1494327515594719,0.9228118186773255,234,0.046339807252343955,-0.00508354758590699,1,0.7424315639733483
0428400003,0.23004513695126488,0.9117146809895833,234,0.030093795808426055,-0.0043637486116211415,1,0.6749794094930647
0428400016,0.15632599861391128,0.9046626921622983,234,0.038417466392975344,-0.007484321044283201,1,0.8325661714130728
0428400017,0.17082489450739127,0.9075998693528854,234,0.04546854124633915,-0.00573105657651617,1,0.793854562237337
0433100003,0.1896441815847374,0.9076446533203125,235,0.04905039540913875,-0.013074924041424976,1,0.7189790528780746
0433200001,0.29031380608024754,0.9138331399683939,235,0.05578748342904519,-0.006599490955653195,2,0.5256420826982541
0433400005,0.1581293772613267,0.9332223728461306,234,0.037971479293449344,-0.004480036674826913,1,0.731310798120603
0433400006,0.1763315158420139,0.8932829938616071,195,0.036141637665257624,-0.015835816623577033,0,0.647087568524075
0434100003,0.21831668806664736,0.8981371931201033,211,0.0347981786811527,-0.030242621997337522,0,0.6021438804229169
0434100011,0.19276599884033202,0.8997106608554456,211,0.024515446627417448,-0.014902190687865736,0,0.5111847953359072
0434100013,0.19188441268961373,0.8856434541590074,235,0.028399978809663818,-0.013978186849681721,1,0.5926506007578259
0434200001,0.15409449376839812,0.8982917466761541,234,0.0356644851235282,-0.0060196118936722085,1,0.7494182989082762
0434200006,0.17457119097509657,0.918575367465902,234,0.03627855577088329,-0.006521165226589342,1,0.8148724655289002
0434300001,0.17518263303682896,0.9320428017224563,234,0.036653501261811175,-0.0021513954755057758,1,0.7357468406110156
0434300003,0.1624498108917588,0.9271671719285269,234,0.038176224049794906,-0.005247597385071245,1,0.7699081443886254
0435200001,0.20340367329612277,0.8926497171230594,234,0.03571060434581406,-0.013883863717029439,1,0.6898322194494116
0436100002,0.16719868450009265,0.9077781863880652,174,0.03243627346075491,-0.10819823873360196,0,0.6183919443054109
0436100003,0.17437374697056274,0.9011031123157708,174,0.03704841165741142,-0.1074570351680812,0,0.6258656864366143
0436100004,0.169720012999733,0.9028261624849759,195,0.03692310645235592,-0.05376421174234823,0,0.7705372624084674
0436200003,0.1643626009480337,0.918975484856653,211,0.03786353501206855,-0.007502369112810301,1,0.6435657618578982
0436200004,0.16657540242563193,0.9163358639448117,211,0.039076507047978846,-0.013044632294232469,1,0.6298313313777428
0436200005,0.16936752884476272,0.9162443586923543,211,0.03680404631556833,-0.010345511088647626,1,0.6292970929017188
0436200006,0.19179472936635591,0.892997164686187,234,0.08526408231641505,-0.010816268250279369,1,0.51740075496289
0436300062,0.18814341364014592,0.8898958424430582,235,0.029796514453322806,-0.20379908282757514,0,0.5381868379460435
0436300063,0.1727449288933313,0.8405900435014204,195,0.030171107685933278,-0.07745555449883497,0,0.6299499690363562
0436400002,0.16524923266730862,0.9169726750571738,234,0.0414780604436149,-0.007991354261270785,1,0.8475953693027672
1001100001,0.18141825430218492,0.8790273824200281,234,0.055633077458817834,-0.030779824179649022,1,0.5466754967960269
1001100004,0.19424535402573812,0.8991658566287003,234,0.03433914202464194,-0.007889922733999986,1,0.741096430042041
1001100011,0.17161528379446908,0.9170069767878606,211,0.035698554103111284,-0.011514681976649531,1,0.6183068011903574
1001100012,0.15767873096643878,0.933266155463409,234,0.03815112622550357,-0.004081121140091821,1,0.7313621965697386
1001100013,0.16494456673137092,0.9315289771527564,234,0.04158105839596353,-0.0037504285774141465,1,0.745910868932648
1001100014,0.18438967580669596,0.9044627909757653,235,0.05711544830613051,-0.012439595979842937,1,0.6269976680364799
1001200001,0.23107839250229287,0.9145207021696347,234,0.022789491878424238,-0.007409268733247921,1,0.6042338342773426
1001200002,0.17581091879592683,0.8809087586915297,199,0.03578541852140431,-0.0443702589279682,0,0.8507059612679061
1001200003,0.18984453454776007,0.8772804188226216,174,0.03350309270894552,-0.04132876945330932,0,0.7019562725686389
1001200006,0.19939411999707554,0.8777658391126337,174,0.055274656448885934,-0.04020970028947683,0,0.612993086188044
1001400003,0.17188140297797974,0.8769785317776534,199,0.04003972734316453,-0.03341516917066498,0,0.7521801828909968
1002200003,0.1606996788826163,0.9124417477938795,235,0.03300798297647756,-0.010747651566768737,1,0.7551917296831865
1002200005,0.16810834001327107,0.9123551048851132,234,0.04105034575462373,-0.0076341726292762195,1,0.8823075967452433
1002200006,0.1665861495048347,0.8996741734638115,211,0.0346397155990635,-0.015345691154708518,1,0.5231474689294612
1002200007,0.17948510636498918,0.8999245383522727,211,0.037365289467209635,-0.011200474505742214,1,0.567287912369665
1003100001,0.17232810182909558,0.9084885390998357,235,0.03508318963100046,-0.020331680189326413,1,0.761759267303674
1003100006,0.17076255689206762,0.9297481383086801,234,0.040883017883221434,-0.0036567890179283677,1,0.7597080000145816
1003100014,0.16891129709257285,0.8751945421915245,234,0.0325495109757001,-0.009361677691248847,1,0.5836339664071301
1003200001,0.1780702082818676,0.8963368078840308,195,0.030622809310547186,-0.04279948549195324,0,0.7650341538111003
1003200002,0.1768674796237639,0.8945597381025958,234,0.03387920328639551,-0.02599841960406228,1,0.6392017221042158
1003300001,0.18714094703164408,0.8993917953136356,235,0.03539268495865841,-0.00831187246262911,1,0.7640805128534676
1003300002,0.16889578664404714,0.9103623170119065,211,0.04830803263043432,-0.008335757901552462,1,0.6113657411504929
1004100001,0.1999950781950273,0.9042080319778021,235,0.03426144572962528,-0.00906515098709501,1,0.7581803809816592
1004200002,0.20138662767889168,0.8644404411315918,195,0.036987799587579924,-0.04292509162926822,0,0.7202788042377765
1004200005,0.192836230015238,0.8945583767361112,195,0.04379360812124111,-0.015806165445207715,0,0.6043246804531102
1004200006,0.17641784629987944,0.8964376395089285,211,0.034161598375401454,-0.020825132479201973,0,0.5422346771359141
1004200008,0.1726242809297481,0.9238578680203046,234,0.050529212904408136,-0.010524574941961552,1,0.6984320997465903
1004200009,0.17235563183081118,0.8802465680001796,195,0.035986545311507995,-0.03117843227841073,0,0.7757936270440858
1004400001,0.1837268247656066,0.9001877225678543,235,0.04806110289636693,-0.007804447930520016,1,0.7218288844091089
